Pos,Player,Team,Year,Side
QB,Steve Young,SFO,1997,offense
FB,Mike Alstott,TAM,1997,offense
FB,Charles Way,NYG,1997,offense
T,James Hasty,KAN,1997,offense
T,Chuck Smith,ATL,1997,offense
T,Dale Carter,KAN,1997,offense
T,Robert Porcher,DET,1997,offense
G,Will Shields,KAN,1997,offense
DE,Neil Smith,DEN,1997,defense
DE,Reggie White,GNB,1997,defense
DT,Warren Sapp,TAM,1997,defense
MLB,Junior Seau,SDG,1997,defense
MLB,Ray Lewis,BAL,1997,defense
MLB,Winfred Tubbs,NOR,1997,defense
CB,Doug Evans,GNB,1997,defense
CB,Cris Dishman,WAS,1997,defense
RDT,Dana Stubblefield,SFO,1997,defense
LDE,Michael Strahan,NYG,1997,defense
LCB,Aeneas Williams,ARI,1997,defense
RB,Barry Sanders,DET,1997,offense
RDE,Bruce Smith,BUF,1997,defense
TE,Shannon Sharpe,DEN,1997,offense
RCB,Deion Sanders,DAL,1997,defense
RG,Larry Allen,DAL,1997,offense
RDT,John Randle,MIN,1997,defense
LT,Jonathan Ogden,BAL,1997,offense
LLB,Jessie Armstead,NYG,1997,defense
QB,Brett Favre,GNB,1997,offense
LILB,Levon Kirkland,PIT,1997,defense
C,Dermontti Dawson,PIT,1997,offense
RB,Terrell Davis,DEN,1997,offense
RCB/SS,Carnell Lake,PIT,1997,defense
SS,LeRoy Butler,GNB,1997,defense
LT,Tony Boselli,JAX,1997,offense
RLB,John Mobley,DEN,1997,defense
WR,Herman Moore,DET,1997,offense
RB,Michael Bates,CAR,1997,offense
RCB,Darrien Gordon,DEN,1997,defense
WR,Rob Moore,ARI,1997,offense
LG,Dave Szott,KAN,1997,offense
WR,Tim Brown,OAK,1997,offense
LG,Randall McDaniel,MIN,1997,offense
MLB,Hardy Nickerson,TAM,1997,defense
RB,Travis Jervey,GNB,1997,offense
FS,Merton Hanks,SFO,1997,defense
RB,Jerome Bettis,PIT,1997,offense
LT,Willie Roaf,NOR,1997,offense
RLB,Derrick Brooks,TAM,1997,defense
LLB,Chris Slade,NWE,1997,defense
FS,Darryl Williams,SEA,1997,defense
NT,Ted Washington,BUF,1997,defense
TE,Wesley Walls,CAR,1997,offense
LT,Todd Steussie,MIN,1997,offense
WR,Yancey Thigpen,PIT,1997,offense
NT,Joel Steed,PIT,1997,defense
C,Kevin Glover,DET,1997,offense
LCB,Aaron Glenn,NYJ,1997,defense
DB,Larry Whigham,NWE,1997,defense
QB,John Elway,DEN,1997,offense
LDE,Michael Sinclair,SEA,1997,defense
RB,Dorsey Levens,GNB,1997,offense
LG,Bruce Matthews,TEN,1997,offense
WR,Tamarick Vanover,KAN,1997,offense
WR,David Palmer,MIN,1997,offense
QB,Steve Young,SFO,1998,offense
RB,Barry Sanders,DET,1998,offense
FB,Mike Alstott,TAM,1998,offense
FB,Sam Gash,BUF,1998,offense
WR,Ed McCaffrey,DEN,1998,offense
WR,Jimmy Smith,JAX,1998,offense
TE,Ben Coates,NWE,1998,offense
T,Terry Fair,DET,1998,offense
C,Kevin Mawae,NYJ,1998,offense
DE,Bruce Smith,BUF,1998,defense
DT,Bryant Young,SFO,1998,defense
DT,La'Roi Glover,NOR,1998,defense
OLB,Dwayne Rudd,MIN,1998,defense
MLB,Ray Lewis,BAL,1998,defense
MLB,Zach Thomas,MIA,1998,defense
CB,Sam Madison,MIA,1998,defense
S,Robert Griffith,MIN,1998,defense
S,Darren Woodson,DAL,1998,defense
RB,Jamal Anderson,ATL,1998,offense
LDE,Reggie White,GNB,1998,defense
TE,Shannon Sharpe,DEN,1998,offense
RLB,Junior Seau,SDG,1998,defense
RCB,Deion Sanders,DAL,1998,defense
RDE,John Randle,MIN,1998,defense
WR,Randy Moss,MIN,1998,offense
LG,Randall McDaniel,MIN,1998,offense
LG,Bruce Matthews,TEN,1998,offense
LT,Larry Allen,DAL,1998,offense
LCB,Ty Law,NWE,1998,defense
LT,Tony Boselli,JAX,1998,offense
RLB,Chad Brown,SEA,1998,defense
SS,LeRoy Butler,GNB,1998,defense
RB,Terrell Davis,DEN,1998,offense
C,Dermontti Dawson,PIT,1998,offense
WR,Antonio Freeman,GNB,1998,offense
SS,Rodney Harrison,SDG,1998,defense
LLB,Mo Lewis,NYJ,1998,defense
QB,Randall Cunningham,MIN,1998,offense
LDE,Michael Strahan,NYG,1998,defense
WR,Jermaine Lewis,BAL,1998,offense
RDT,Darrell Russell,OAK,1998,defense
WR,Roell Preston,GNB,1998,offense
RDE,Michael McCrary,BAL,1998,defense
DB,Bennie Thompson,BAL,1998,defense
SS,Lawyer Milloy,NWE,1998,defense
LG,Ruben Brown,BUF,1998,offense
LCB,Ray Buchanan,ATL,1998,defense
WR,Eric Moulds,BUF,1998,offense
RLB,Derrick Brooks,TAM,1998,defense
C,Jeff Christy,MIN,1998,offense
LT,Jonathan Ogden,BAL,1998,offense
RDT,Warren Sapp,TAM,1998,defense
RB,Marshall Faulk,IND,1998,offense
MLB,Jessie Tuggle,ATL,1998,defense
LT,Todd Steussie,MIN,1998,offense
LDE,Michael Sinclair,SEA,1998,defense
RG,Kevin Gogan,SFO,1998,offense
WR,Keyshawn Johnson,NYJ,1998,offense
RB,Michael Bates,CAR,1998,offense
LLB,Jessie Armstead,NYG,1998,defense
RB,Vaughn Hebron,DEN,1998,offense
TE,Mark Chmura,GNB,1998,offense
FS,Eugene Robinson,ATL,1998,defense
LCB,Aaron Glenn,NYJ,1998,defense
NT,Ted Washington,BUF,1998,defense
QB,Vinny Testaverde,NYJ,1998,offense
RB,Garrison Hearst,SFO,1998,offense
RB,Curtis Martin,NYJ,1999,offense
FB,Mike Alstott,TAM,1999,offense
FB,Sam Gash,BUF,1999,offense
T,Leon Searcy,JAX,1999,offense
T,Jon Runyan,TEN,1999,offense
C,Tom Nalen,DEN,1999,offense
DE,Simeon Rice,ARI,1999,defense
DT,Bryant Young,SFO,1999,defense
MLB,Zach Thomas,MIA,1999,defense
MLB,Junior Seau,SDG,1999,defense
S,Robert Griffith,MIN,1999,defense
SS,John Lynch,TAM,1999,defense
RB,Edgerrin James,IND,1999,offense
LDE,Jevon Kearse,TEN,1999,defense
MLB,Ray Lewis,BAL,1999,defense
LG,Larry Allen,DAL,1999,offense
RCB,Sam Madison,MIA,1999,defense
QB,Kurt Warner,STL,1999,offense
LT,Orlando Pace,STL,1999,offense
RDT,Warren Sapp,TAM,1999,defense
WR,Marvin Harrison,IND,1999,offense
RLB,Kevin Hardy,JAX,1999,defense
TE,Tony Gonzalez,KAN,1999,offense
RB,Marshall Faulk,STL,1999,offense
LDE,Kevin Carter,STL,1999,defense
RLB,Derrick Brooks,TAM,1999,defense
LT,Tony Boselli,JAX,1999,offense
RDT,Darrell Russell,OAK,1999,defense
WR,Tony Horne,STL,1999,offense
LG,Bruce Matthews,TEN,1999,offense
LCB,Charles Woodson,OAK,1999,defense
SS,Lawyer Milloy,NWE,1999,defense
RB,Glyn Milburn,CHI,1999,offense
C,Kevin Mawae,NYJ,1999,offense
WR,Cris Carter,MIN,1999,offense
WR,Isaac Bruce,STL,1999,offense
FS,Carnell Lake,JAX,1999,defense
RCB,Deion Sanders,DAL,1999,defense
C,Jeff Christy,MIN,1999,offense
RB,Michael Bates,CAR,1999,offense
RDT,Trevor Pryce,DEN,1999,defense
RB,Charlie Rogers,SEA,1999,offense
RG,Will Shields,KAN,1999,offense
RG,Tre' Johnson,WAS,1999,offense
RLB,Jessie Armstead,NYG,1999,defense
LLB,Peter Boulware,BAL,1999,defense
RDE,Tony Brackens,JAX,1999,defense
LG,Ruben Brown,BUF,1999,offense
RB,Stephen Davis,WAS,1999,offense
RB,Eddie George,TEN,1999,offense
LCB,Todd Lyght,STL,1999,defense
QB,Peyton Manning,IND,1999,offense
MLB,Hardy Nickerson,TAM,1999,defense
LT,Jonathan Ogden,BAL,1999,offense
TE,Wesley Walls,CAR,1999,offense
WR,Jimmy Smith,JAX,1999,offense
DB,Tremain Mack,CIN,1999,defense
LT,Willie Roaf,NOR,1999,offense
RDT,Luther Elliss,DET,1999,defense
FS,Brian Dawkins,PHI,1999,defense
LDE,Robert Porcher,DET,1999,defense
RB,Detron Smith,DEN,1999,offense
QB,Peyton Manning,IND,2000,offense
TE,Frank Wycheck,TEN,2000,offense
T,Kyle Turley,NOR,2000,offense
G,Ruben Brown,BUF,2000,offense
C,Kevin Mawae,NYJ,2000,offense
DE,Rob Burnett,BAL,2000,defense
DT,Keith Hamilton,NYG,2000,defense
OLB,Jessie Armstead,NYG,2000,defense
MLB,Randall Godfrey,TEN,2000,defense
MLB,Stephen Boyd,DET,2000,defense
MLB,Sam Cowart,BUF,2000,defense
CB,Charles Woodson,OAK,2000,defense
S,Blaine Bishop,TEN,2000,defense
RDE,Jason Taylor,MIA,2000,defense
RCB,Sam Madison,MIA,2000,defense
WR,Derrick Mason,TEN,2000,offense
LG,Bruce Matthews,TEN,2000,offense
RCB,Samari Rolle,TEN,2000,defense
WR,Randy Moss,MIN,2000,offense
LT,Jonathan Ogden,BAL,2000,offense
FS,Darren Sharper,GNB,2000,defense
RLB,Junior Seau,SDG,2000,defense
RDT,Warren Sapp,TAM,2000,defense
SS,John Lynch,TAM,2000,defense
MLB,Ray Lewis,BAL,2000,defense
TE,Tony Gonzalez,KAN,2000,offense
RDT,La'Roi Glover,NOR,2000,defense
QB,Rich Gannon,OAK,2000,offense
RB,Marshall Faulk,STL,2000,offense
RDE,Hugh Douglas,PHI,2000,defense
RLB,Derrick Brooks,TAM,2000,defense
LG,Larry Allen,DAL,2000,offense
WR,Marvin Harrison,IND,2000,offense
RB,Eddie George,TEN,2000,offense
C,Tom Nalen,DEN,2000,offense
WR,Az-Zahir Hakim,STL,2000,offense
LT,Orlando Pace,STL,2000,offense
RB,Edgerrin James,IND,2000,offense
LT,Willie Roaf,NOR,2000,offense
RB,Michael Bates,CAR,2000,offense
WR,Terrell Owens,SFO,2000,offense
MLB,Jeremiah Trotter,PHI,2000,defense
LOLB,Mo Lewis,NYJ,2000,defense
LDT,Sam Adams,BAL,2000,defense
DE,Trace Armstrong,MIA,2000,defense
LCB,Champ Bailey,WAS,2000,defense
TE,Chad Lewis,PHI,2000,offense
LG,Steve Wisniewski,OAK,2000,offense
RB,Robert Smith,MIN,2000,offense
DB,Darrick Vaughn,ATL,2000,defense
WR,Rod Smith,DEN,2000,offense
FS,Rod Woodson,BAL,2000,defense
LT,Brad Hopkins,TEN,2000,offense
RDT,Trevor Pryce,DEN,2000,defense
RG,Ron Stone,NYG,2000,offense
C,Matt Birk,MIN,2000,offense
QB,Daunte Culpepper,MIN,2000,offense
LLB,Keith Mitchell,NOR,2000,defense
WR,Desmond Howard,DET,2000,offense
LB,Larry Izzo,MIA,2000,defense
RDE,Joe Johnson,NOR,2000,defense
LCB,Troy Vincent,PHI,2000,defense
FS,Brock Marion,MIA,2000,defense
QB,Brett Favre,GNB,2001,offense
TE,Ernie Conwell,STL,2001,offense
T,James Williams,CHI,2001,offense
T,Lincoln Kennedy,OAK,2001,offense
G,Adam Timmerman,STL,2001,offense
C,Jeff Hartings,PIT,2001,offense
DE,Jason Taylor,MIA,2001,defense
DT,Ted Washington,CHI,2001,defense
DT,Trevor Pryce,DEN,2001,defense
ILB,Kendrell Bell,PIT,2001,defense
ILB,Zach Thomas,MIA,2001,defense
ILB,Jeremiah Trotter,PHI,2001,defense
CB,Ronde Barber,TAM,2001,defense
CB,Charles Woodson,OAK,2001,defense
S,Mike Brown,CHI,2001,defense
S,Sammy Knight,NOR,2001,defense
C,Kevin Mawae,NYJ,2001,offense
LLB,Jamir Miller,CLE,2001,defense
RDE,John Abraham,NYJ,2001,defense
LT,Orlando Pace,STL,2001,offense
RDT,Warren Sapp,TAM,2001,defense
WR,Steve Smith Sr.,CAR,2001,offense
LDE,Michael Strahan,NYG,2001,defense
MLB,Brian Urlacher,CHI,2001,defense
QB,Kurt Warner,STL,2001,offense
LCB,Aeneas Williams,STL,2001,defense
WR,Terrell Owens,SFO,2001,offense
TE,Tony Gonzalez,KAN,2001,offense
RB,Marshall Faulk,STL,2001,offense
LG,Alan Faneca,PIT,2001,offense
FS,Brian Dawkins,PHI,2001,defense
LG,Larry Allen,DAL,2001,offense
WR,David Boston,ARI,2001,offense
RB,Curtis Martin,NYJ,2001,offense
LT,Jonathan Ogden,BAL,2001,offense
MLB,Ray Lewis,BAL,2001,defense
LOLB,Jason Gildon,PIT,2001,defense
WR,Jermaine Lewis,BAL,2001,offense
SS,John Lynch,TAM,2001,defense
WR,Troy Brown,NWE,2001,offense
LDT,Sam Adams,BAL,2001,defense
DB,Larry Whigham,CHI,2001,defense
SS,Rodney Harrison,SDG,2001,defense
RB,Priest Holmes,KAN,2001,offense
LT,Walter Jones,SEA,2001,offense
WR,Marvin Harrison,IND,2001,offense
RCB,Sam Madison,MIA,2001,defense
LLB,LaVar Arrington,WAS,2001,defense
RLB,Derrick Brooks,TAM,2001,defense
LG,Ray Brown,SFO,2001,offense
LDT,Bryant Young,SFO,2001,defense
LDE,Marcellus Wiley,SDG,2001,defense
WR,Rod Smith,DEN,2001,offense
RB,Ahman Green,GNB,2001,offense
LCB,Troy Vincent,PHI,2001,defense
LB,Ian Gold,DEN,2001,defense
RG,Will Shields,KAN,2001,offense
QB,Rich Gannon,OAK,2001,offense
C,Olin Kreutz,CHI,2001,offense
LT,Chris Samuels,WAS,2001,offense
DB,Darrien Gordon,ATL,2001,defense
RDT,John Randle,SEA,2001,defense
LDE,Robert Porcher,DET,2001,defense
TE,Wesley Walls,CAR,2001,offense
LCB,Deltha O'Neal,DEN,2001,defense
SS,Lawyer Milloy,NWE,2001,defense
RB,LaDainian Tomlinson,SDG,2002,offense
RB,Fred Beasley,SFO,2002,offense
WR,Eric Moulds,BUF,2002,offense
WR,Jerry Rice,OAK,2002,offense
T,Willie Roaf,KAN,2002,offense
G,Ruben Brown,BUF,2002,offense
C,Barret Robbins,OAK,2002,offense
DE,Michael Strahan,NYG,2002,defense
DT,Kris Jenkins,CAR,2002,defense
DT,Chris Hovan,MIN,2002,defense
OLB,Julian Peterson,SFO,2002,defense
ILB,Donnie Edwards,SDG,2002,defense
ILB,Keith Brooking,ATL,2002,defense
CB,Ronde Barber,TAM,2002,defense
S,John Lynch,TAM,2002,defense
RB,Ricky Williams,MIA,2002,offense
MLB,Brian Urlacher,CHI,2002,defense
RDE,Jason Taylor,MIA,2002,defense
LCB,Patrick Surtain,MIA,2002,defense
RG,Will Shields,KAN,2002,offense
RDT,Warren Sapp,TAM,2002,defense
RDE,Simeon Rice,TAM,2002,defense
ROLB,Joey Porter,PIT,2002,defense
WR,Terrell Owens,SFO,2002,offense
LT,Jonathan Ogden,BAL,2002,offense
RLB,Derrick Brooks,TAM,2002,defense
FS,Brian Dawkins,PHI,2002,defense
LG,Alan Faneca,PIT,2002,offense
QB,Rich Gannon,OAK,2002,offense
WR,Michael Lewis,NOR,2002,offense
WR,Marvin Harrison,IND,2002,offense
RB,Priest Holmes,KAN,2002,offense
RDT,La'Roi Glover,DAL,2002,defense
TE,Tony Gonzalez,KAN,2002,offense
C,Kevin Mawae,NYJ,2002,offense
WR,Santana Moss,NYJ,2002,offense
FS,Rod Woodson,OAK,2002,defense
FS,Darren Sharper,GNB,2002,defense
RCB,Bobby Taylor,PHI,2002,defense
LT,Tra Thomas,PHI,2002,offense
LCB,Aaron Glenn,HOU,2002,defense
LCB,Troy Vincent,PHI,2002,defense
MLB,Zach Thomas,MIA,2002,defense
RT,Lincoln Kennedy,OAK,2002,offense
LT,Walter Jones,SEA,2002,offense
TE,Jeremy Shockey,NYG,2002,offense
RB,Fred McAfee,NOR,2002,offense
WR,Hines Ward,PIT,2002,offense
RLB,Keith Bulluck,TEN,2002,defense
RG,Jermane Mayberry,PHI,2002,offense
QB,Brett Favre,GNB,2002,offense
RDE,Hugh Douglas,PHI,2002,defense
C,Jeremy Newberry,SFO,2002,offense
LLB,LaVar Arrington,WAS,2002,defense
RB,Tiki Barber,NYG,2002,offense
WR,Randy Moss,MIN,2002,offense
RB,Chad Morton,NYJ,2002,offense
RB,Deuce McAllister,NOR,2002,offense
RDE,John Abraham,NYJ,2002,defense
FS,Lance Schulters,TEN,2002,defense
RDE,Richard Seymour,NWE,2002,defense
RG,Ron Stone,SFO,2002,offense
LB,Larry Izzo,NWE,2002,defense
LDE,Gary Walker,HOU,2002,defense
QB,Steve McNair,TEN,2003,offense
RB,LaDainian Tomlinson,SDG,2003,offense
RB,Fred Beasley,SFO,2003,offense
WR,Hines Ward,PIT,2003,offense
TE,Todd Heap,BAL,2003,offense
T,Willie Anderson,CIN,2003,offense
DE,Simeon Rice,TAM,2003,defense
OLB,Derrick Brooks,TAM,2003,defense
ILB,Zach Thomas,MIA,2003,defense
ILB,Tedy Bruschi,NWE,2003,defense
CB,Chris McAlister,BAL,2003,defense
WR,Torry Holt,STL,2003,offense
LT,Jonathan Ogden,BAL,2003,offense
RDT,Richard Seymour,NWE,2003,defense
LLB,Julian Peterson,SFO,2003,defense
RG,Will Shields,KAN,2003,offense
QB,Peyton Manning,IND,2003,offense
RILB,Ray Lewis,BAL,2003,defense
RB,Jamal Lewis,BAL,2003,offense
LDE,Michael Strahan,NYG,2003,defense
LG,Steve Hutchinson,SEA,2003,offense
RB,Priest Holmes,KAN,2003,offense
FS,Roy Williams,DAL,2003,defense
RDT,Kris Jenkins,CAR,2003,defense
TE,Tony Gonzalez,KAN,2003,offense
WR,Dante Hall,KAN,2003,offense
SS,Ed Reed,BAL,2003,defense
WR,Randy Moss,MIN,2003,offense
RLB,Keith Bulluck,TEN,2003,defense
LT,Willie Roaf,KAN,2003,offense
LT,Orlando Pace,STL,2003,offense
C,Tom Nalen,DEN,2003,offense
LDE,Leonard Little,STL,2003,defense
LCB,Ty Law,NWE,2003,defense
RCB,Jerry Azumah,CHI,2003,defense
LCB,Patrick Surtain,MIA,2003,defense
LCB,Champ Bailey,WAS,2003,defense
C,Matt Birk,MIN,2003,offense
WR,Marvin Harrison,IND,2003,offense
WR,Alex Bannister,SEA,2003,offense
SS,Rodney Harrison,NWE,2003,defense
LLB,LaVar Arrington,WAS,2003,defense
RG,Marco Rivera,GNB,2003,offense
LT/LG,Alan Faneca,PIT,2003,offense
RDE,Dwight Freeney,IND,2003,defense
RDT,La'Roi Glover,DAL,2003,defense
WR,Chad Johnson,CIN,2003,offense
LDT,Marcus Stroud,JAX,2003,defense
MLB,Dat Nguyen,DAL,2003,defense
SS,Tony Parrish,SFO,2003,defense
RB,Brian Westbrook,PHI,2003,offense
LOLB,Adalius Thomas,BAL,2003,defense
RB,Ahman Green,GNB,2003,offense
LT,Walter Jones,SEA,2003,offense
QB,Brett Favre,GNB,2003,offense
RLB,Takeo Spikes,BUF,2003,defense
TE,Alge Crumpler,ATL,2003,offense
RCB,Dre' Bly,DET,2003,defense
RB,Deuce McAllister,NOR,2003,offense
LDE,Adewale Ogunleye,MIA,2003,defense
RB,LaDainian Tomlinson,SDG,2004,offense
FB,William Henderson,GNB,2004,offense
FB,Tony Richardson,KAN,2004,offense
WR,Hines Ward,PIT,2004,offense
TE,Tony Gonzalez,KAN,2004,offense
T,Willie Anderson,CIN,2004,offense
G,Brian Waters,KAN,2004,offense
C,Jeff Hartings,PIT,2004,offense
DE,Patrick Kerney,ATL,2004,defense
DT,Jamal Williams,SDG,2004,defense
DT,Shaun Rogers,DET,2004,defense
ILB,Ray Lewis,BAL,2004,defense
ILB,Tedy Bruschi,NWE,2004,defense
ILB,Donnie Edwards,SDG,2004,defense
CB,Ronde Barber,TAM,2004,defense
S,Rodney Harrison,NWE,2004,defense
RB,Curtis Martin,NYJ,2004,offense
WR,Terrell Owens,PHI,2004,offense
LDE,Julius Peppers,CAR,2004,defense
SS,Ed Reed,BAL,2004,defense
RDE,Richard Seymour,NWE,2004,defense
RDT,Kevin Williams,MIN,2004,defense
RLB,Takeo Spikes,BUF,2004,defense
QB,Peyton Manning,IND,2004,offense
LCB,Champ Bailey,DEN,2004,defense
LT,Walter Jones,SEA,2004,offense
FS,Brian Dawkins,PHI,2004,defense
WR,Eddie Drummond,DET,2004,offense
TE,Antonio Gates,SDG,2004,offense
RDE,Dwight Freeney,IND,2004,defense
LILB,James Farrior,PIT,2004,defense
LG,Alan Faneca,PIT,2004,offense
LCB,Terrence McGee,BUF,2004,defense
RLB,Derrick Brooks,TAM,2004,defense
WR,Muhsin Muhammad,CAR,2004,offense
LCB,Lito Sheppard,PHI,2004,defense
LT,Willie Roaf,KAN,2004,offense
RB,Shaun Alexander,SEA,2004,offense
WR,Marvin Harrison,IND,2004,offense
RB,Edgerrin James,IND,2004,offense
LCB,Chris McAlister,BAL,2004,defense
C,Kevin Mawae,NYJ,2004,offense
LB,Larry Izzo,NWE,2004,defense
LT,Orlando Pace,STL,2004,offense
RG,Will Shields,KAN,2004,offense
RDE,Bertrand Berry,ARI,2004,defense
LLB,Keith Brooking,ATL,2004,defense
ROLB,Joey Porter,PIT,2004,defense
SS,Troy Polamalu,PIT,2004,defense
LT,Jonathan Ogden,BAL,2004,offense
LG,Steve Hutchinson,SEA,2004,offense
MLB,Dan Morgan,CAR,2004,defense
RB,Tiki Barber,NYG,2004,offense
LDT,Roderick Coleman,ATL,2004,defense
QB,Daunte Culpepper,MIN,2004,offense
WR,Chad Johnson,CIN,2004,offense
C,Olin Kreutz,CHI,2004,offense
SS,Michael Lewis,PHI,2004,defense
LDT,Marcus Stroud,JAX,2004,defense
LB,Ike Reese,PHI,2004,defense
RG,Marco Rivera,GNB,2004,offense
RB,B.J. Sams,BAL,2004,offense
TE,Jason Witten,DAL,2004,offense
LCB,Shawn Springs,WAS,2004,defense
LT,Tra Thomas,PHI,2004,offense
RDE,Jason Taylor,MIA,2004,defense
QB,Tom Brady,NWE,2005,offense
RB,LaDainian Tomlinson,SDG,2005,offense
FB,Mack Strong,SEA,2005,offense
FB,Lorenzo Neal,SDG,2005,offense
T,Jon Jansen,WAS,2005,offense
G,Brian Waters,KAN,2005,offense
ILB,Zach Thomas,MIA,2005,defense
ILB,Mike Peterson,JAX,2005,defense
WR,Chad Johnson,CIN,2005,offense
LT,Walter Jones,SEA,2005,offense
MLB,Brian Urlacher,CHI,2005,defense
LG,Steve Hutchinson,SEA,2005,offense
QB,Peyton Manning,IND,2005,offense
WR,Jerome Mathis,HOU,2005,offense
SS,Troy Polamalu,PIT,2005,defense
RDE,Dwight Freeney,IND,2005,defense
LCB,Champ Bailey,DEN,2005,defense
RB,Shaun Alexander,SEA,2005,offense
WR,Steve Smith Sr.,CAR,2005,offense
LG,Alan Faneca,PIT,2005,offense
TE,Antonio Gates,SDG,2005,offense
FS,Darren Sharper,MIN,2005,defense
C,Olin Kreutz,CHI,2005,offense
RDE,Osi Umenyiora,NYG,2005,defense
RDE,Richard Seymour,NWE,2005,defense
RLB,Lance Briggs,CHI,2005,defense
RB,Tiki Barber,NYG,2005,offense
MLB,Al Wilson,DEN,2005,defense
NT,Jamal Williams,SDG,2005,defense
RT,Willie Anderson,CIN,2005,offense
LDE,Michael Strahan,NYG,2005,defense
LT,Willie Roaf,KAN,2005,offense
RLB,Cato June,IND,2005,defense
RCB,Nathan Vasher,CHI,2005,defense
LCB,Deltha O'Neal,CIN,2005,defense
LDT,Roderick Coleman,ATL,2005,defense
WR,Antwaan Randle El,PIT,2005,offense
FS,Bob Sanders,IND,2005,defense
C,Jeff Saturday,IND,2005,offense
RLB,Derrick Brooks,TAM,2005,defense
RCB,Ronde Barber,TAM,2005,defense
WR,David Tyree,NYG,2005,offense
LDT/RDT,Marcus Stroud,JAX,2005,defense
LOLB,Shawne Merriman,SDG,2005,defense
RB,B.J. Sams,BAL,2005,offense
ROLB,Joey Porter,PIT,2005,defense
SS,Mike Brown,CHI,2005,defense
RDE,Derrick Burgess,OAK,2005,defense
WR,Santana Moss,WAS,2005,offense
RB,Larry Johnson,KAN,2005,offense
RG,Will Shields,KAN,2005,offense
WR,Marvin Harrison,IND,2005,offense
RDT,Tommie Harris,CHI,2005,defense
RB,Edgerrin James,IND,2005,offense
TE,Chris Cooley,WAS,2005,offense
QB,Matt Hasselbeck,SEA,2005,offense
RB,Reno Mahe,PHI,2005,offense
DB,Hanik Milligan,SDG,2005,defense
LT,Orlando Pace,STL,2005,offense
LG,Mike Wahle,CAR,2005,offense
WR,Koren Robinson,MIN,2005,offense
QB,Drew Brees,NOR,2006,offense
QB,Peyton Manning,IND,2006,offense
RB,Larry Johnson,KAN,2006,offense
RB,LaDainian Tomlinson,SDG,2006,offense
RB,Steven Jackson,STL,2006,offense
RB,Frank Gore,SFO,2006,offense
FB,Lorenzo Neal,SDG,2006,offense
FB,Ovie Mughelli,BAL,2006,offense
FB,Mike Karney,NOR,2006,offense
WR,Chad Johnson,CIN,2006,offense
WR,Marvin Harrison,IND,2006,offense
WR,Torry Holt,STL,2006,offense
WR,Donald Driver,GNB,2006,offense
WR,Andre Johnson,HOU,2006,offense
TE,Antonio Gates,SDG,2006,offense
TE,Alge Crumpler,ATL,2006,offense
TE,Tony Gonzalez,KAN,2006,offense
T,Walter Jones,SEA,2006,offense
T,Jammal Brown,NOR,2006,offense
T,Jonathan Ogden,BAL,2006,offense
T,Willie Anderson,CIN,2006,offense
G,Steve Hutchinson,MIN,2006,offense
G,Shawn Andrews,PHI,2006,offense
G,Alan Faneca,PIT,2006,offense
G,Will Shields,KAN,2006,offense
C,Olin Kreutz,CHI,2006,offense
C,Jeff Saturday,IND,2006,offense
DE,Jason Taylor,MIA,2006,defense
DE,Julius Peppers,CAR,2006,defense
DE,Aaron Kampman,GNB,2006,defense
DE,Aaron Schobel,BUF,2006,defense
DT,Kevin Williams,MIN,2006,defense
DT,Jamal Williams,SDG,2006,defense
DT,Richard Seymour,NWE,2006,defense
DT,Tommie Harris,CHI,2006,defense
DT,John Henderson,JAX,2006,defense
OLB,Shawne Merriman,SDG,2006,defense
OLB,Adalius Thomas,BAL,2006,defense
OLB,Lance Briggs,CHI,2006,defense
OLB,DeMarcus Ware,DAL,2006,defense
ILB,Al Wilson,DEN,2006,defense
ILB,Bart Scott,BAL,2006,defense
MLB,Brian Urlacher,CHI,2006,defense
MLB,Zach Thomas,MIA,2006,defense
CB,Champ Bailey,DEN,2006,defense
CB,Rashean Mathis,JAX,2006,defense
CB,Lito Sheppard,PHI,2006,defense
CB,Al Harris,GNB,2006,defense
CB,Ronde Barber,TAM,2006,defense
CB,Nnamdi Asomugha,OAK,2006,defense
S,Ed Reed,BAL,2006,defense
S,Adrian Wilson,ARI,2006,defense
S,Brian Dawkins,PHI,2006,defense
S,Kerry Rhodes,NYJ,2006,defense
QB,Tom Brady,NWE,2007,offense
QB,Brett Favre,GNB,2007,offense
RB,LaDainian Tomlinson,SDG,2007,offense
RB,Brian Westbrook,PHI,2007,offense
RB,Adrian Peterson,MIN,2007,offense
RB,Willie Parker,PIT,2007,offense
RB,Fred Taylor,JAX,2007,offense
FB,Lorenzo Neal,SDG,2007,offense
FB,Tony Richardson,MIN,2007,offense
WR,Randy Moss,NWE,2007,offense
WR,Terrell Owens,DAL,2007,offense
WR,Braylon Edwards,CLE,2007,offense
WR,Reggie Wayne,IND,2007,offense
WR,Larry Fitzgerald,ARI,2007,offense
WR,Wes Welker,NWE,2007,offense
TE,Jason Witten,DAL,2007,offense
TE,Antonio Gates,SDG,2007,offense
TE,Tony Gonzalez,KAN,2007,offense
T,Walter Jones,SEA,2007,offense
T,Matt Light,NWE,2007,offense
T,Jason Peters,BUF,2007,offense
T,Flozell Adams,DAL,2007,offense
G,Steve Hutchinson,MIN,2007,offense
G,Logan Mankins,NWE,2007,offense
G,Alan Faneca,PIT,2007,offense
G,Shawn Andrews,PHI,2007,offense
G,Leonard Davis,DAL,2007,offense
C,Jeff Saturday,IND,2007,offense
C,Matt Birk,MIN,2007,offense
C,Dan Koppen,NWE,2007,offense
DE,Jared Allen,KAN,2007,defense
DE,Patrick Kerney,SEA,2007,defense
DE,Mario Williams,HOU,2007,defense
DE,Aaron Kampman,GNB,2007,defense
DE,Kyle Vanden Bosch,TEN,2007,defense
DT,Kevin Williams,MIN,2007,defense
DT,Albert Haynesworth,TEN,2007,defense
DT,Vince Wilfork,NWE,2007,defense
DT,Pat Williams,MIN,2007,defense
OLB,DeMarcus Ware,DAL,2007,defense
OLB,Mike Vrabel,NWE,2007,defense
OLB,James Harrison,PIT,2007,defense
OLB,Julian Peterson,SEA,2007,defense
OLB,Shawne Merriman,SDG,2007,defense
ILB,Lofa Tatupu,SEA,2007,defense
ILB,Nick Barnett,GNB,2007,defense
MLB,Patrick Willis,SFO,2007,defense
MLB,DeMeco Ryans,HOU,2007,defense
CB,Asante Samuel,NWE,2007,defense
CB,Antonio Cromartie,SDG,2007,defense
CB,Marcus Trufant,SEA,2007,defense
CB,Al Harris,GNB,2007,defense
CB,Champ Bailey,DEN,2007,defense
S,Bob Sanders,IND,2007,defense
S,Ed Reed,BAL,2007,defense
S,Darren Sharper,MIN,2007,defense
S,Jermaine Phillips,TAM,2007,defense
S,Troy Polamalu,PIT,2007,defense
S,Sean Taylor,WAS,2007,defense
RLB,Keith Bulluck,TEN,2007,defense
C,Kevin Mawae,TEN,2007,offense
LDE,Ty Warren,NWE,2007,defense
RB,Leon Washington,NYJ,2007,offense
C,Andre Gurode,DAL,2007,offense
QB,Peyton Manning,IND,2008,offense
QB,Drew Brees,NOR,2008,offense
RB,Michael Turner,ATL,2008,offense
RB,Adrian Peterson,MIN,2008,offense
RB,Chris Johnson,TEN,2008,offense
RB,Thomas Jones,NYJ,2008,offense
RB,DeAngelo Williams,CAR,2008,offense
RB,Clinton Portis,WAS,2008,offense
FB,Le'Ron McClain,BAL,2008,offense
FB,Madison Hedgecock,NYG,2008,offense
WR,Andre Johnson,HOU,2008,offense
WR,Larry Fitzgerald,ARI,2008,offense
WR,Wes Welker,NWE,2008,offense
WR,Roddy White,ATL,2008,offense
WR,Steve Smith Sr.,CAR,2008,offense
TE,Tony Gonzalez,KAN,2008,offense
TE,Jason Witten,DAL,2008,offense
T,Jordan Gross,CAR,2008,offense
T,Michael Roos,TEN,2008,offense
T,David Diehl,NYG,2008,offense
T,Ryan Clady,DEN,2008,offense
T,David Stewart,TEN,2008,offense
T,Jason Peters,BUF,2008,offense
T,Joe Thomas,CLE,2008,offense
T,Walter Jones,SEA,2008,offense
G,Steve Hutchinson,MIN,2008,offense
G,Chris Snee,NYG,2008,offense
G,Alan Faneca,NYJ,2008,offense
G,Kris Dielman,SDG,2008,offense
C,Kevin Mawae,TEN,2008,offense
C,Shaun O'Hara,NYG,2008,offense
DE,Justin Tuck,NYG,2008,defense
DE,John Abraham,ATL,2008,defense
DE,Mario Williams,HOU,2008,defense
DE,Julius Peppers,CAR,2008,defense
DE,Jared Allen,MIN,2008,defense
DE,Robert Mathis,IND,2008,defense
DT,Albert Haynesworth,TEN,2008,defense
DT,Kevin Williams,MIN,2008,defense
DT,Kris Jenkins,NYJ,2008,defense
DT,Jay Ratliff,DAL,2008,defense
DT,Haloti Ngata,BAL,2008,defense
OLB,James Harrison,PIT,2008,defense
OLB,DeMarcus Ware,DAL,2008,defense
OLB,Joey Porter,MIA,2008,defense
OLB,Lance Briggs,CHI,2008,defense
OLB,Terrell Suggs,BAL,2008,defense
ILB,Jon Beason,CAR,2008,defense
ILB,James Farrior,PIT,2008,defense
MLB,Ray Lewis,BAL,2008,defense
MLB,Patrick Willis,SFO,2008,defense
CB,Nnamdi Asomugha,OAK,2008,defense
CB,Cortland Finnegan,TEN,2008,defense
CB,Charles Woodson,GNB,2008,defense
CB,Antoine Winfield,MIN,2008,defense
S,Ed Reed,BAL,2008,defense
S,Troy Polamalu,PIT,2008,defense
S,Adrian Wilson,ARI,2008,defense
S,Nick Collins,GNB,2008,defense
S,Quintin Mikell,PHI,2008,defense
RB,Reggie Bush,NOR,2008,offense
QB,Peyton Manning,IND,2009,offense
QB,Drew Brees,NOR,2009,offense
QB,Philip Rivers,SDG,2009,offense
RB,Chris Johnson,TEN,2009,offense
RB,Adrian Peterson,MIN,2009,offense
RB,Steven Jackson,STL,2009,offense
RB,Maurice Jones-Drew,JAX,2009,offense
RB,Ray Rice,BAL,2009,offense
FB,Leonard Weaver,PHI,2009,offense
FB,Lousaka Polite,MIA,2009,offense
FB,Le'Ron McClain,BAL,2009,offense
WR,Andre Johnson,HOU,2009,offense
WR,Wes Welker,NWE,2009,offense
WR,Larry Fitzgerald,ARI,2009,offense
WR,Reggie Wayne,IND,2009,offense
WR,Vincent Jackson,SDG,2009,offense
WR,Sidney Rice,MIN,2009,offense
TE,Dallas Clark,IND,2009,offense
TE,Jason Witten,DAL,2009,offense
TE,Vernon Davis,SFO,2009,offense
TE,Antonio Gates,SDG,2009,offense
T,Joe Thomas,CLE,2009,offense
T,Ryan Clady,DEN,2009,offense
T,Jake Long,MIA,2009,offense
T,Jason Peters,PHI,2009,offense
T,Jon Stinchcomb,NOR,2009,offense
T,Michael Roos,TEN,2009,offense
LG,Carl Nicks,NOR,2009,offense
G,Jahri Evans,NOR,2009,offense
G,Steve Hutchinson,MIN,2009,offense
G,Logan Mankins,NWE,2009,offense
G,Alan Faneca,NYJ,2009,offense
G,Kris Dielman,SDG,2009,offense
C,Nick Mangold,NYJ,2009,offense
C,Andre Gurode,DAL,2009,offense
C,Ryan Kalil,CAR,2009,offense
RG,Steve Neal,NWE,2009,offense
RT,Damien Woody,NYJ,2009,offense
RT,David Stewart,TEN,2009,offense
DE,Dwight Freeney,IND,2009,defense
DE,Jared Allen,MIN,2009,defense
DE,Justin Smith,SFO,2009,defense
DE,Trent Cole,PHI,2009,defense
DE,Mario Williams,HOU,2009,defense
DE,Julius Peppers,CAR,2009,defense
DE,Robert Mathis,IND,2009,defense
DT,Kevin Williams,MIN,2009,defense
DT,Haloti Ngata,BAL,2009,defense
DT,Jay Ratliff,DAL,2009,defense
DT,Darnell Dockett,ARI,2009,defense
DT,Jonathan Babineaux,ATL,2009,defense
DT,Vince Wilfork,NWE,2009,defense
DT,Kelly Gregg,BAL,2009,defense
DT,Albert Haynesworth,WAS,2009,defense
OLB,DeMarcus Ware,DAL,2009,defense
OLB,Elvis Dumervil,DEN,2009,defense
OLB,LaMarr Woodley,PIT,2009,defense
OLB,Lance Briggs,CHI,2009,defense
OLB,Brian Cushing,HOU,2009,defense
OLB,James Harrison,PIT,2009,defense
OLB,Anthony Spencer,DAL,2009,defense
OLB,Daryl Smith,JAX,2009,defense
ILB,Jon Beason,CAR,2009,defense
ILB,David Harris,NYJ,2009,defense
MLB,Patrick Willis,SFO,2009,defense
MLB,Ray Lewis,BAL,2009,defense
CB,Darrelle Revis,NYJ,2009,defense
CB,Charles Woodson,GNB,2009,defense
CB,Asante Samuel,PHI,2009,defense
CB,Nnamdi Asomugha,OAK,2009,defense
CB,Leon Hall,CIN,2009,defense
CB,Dominique Rodgers-Cromartie,ARI,2009,defense
SS,George Wilson,BUF,2009,defense
SS,Reed Doughty,WAS,2009,defense
S,Darren Sharper,NOR,2009,defense
S,Adrian Wilson,ARI,2009,defense
S,Brian Dawkins,DEN,2009,defense
S,Ed Reed,BAL,2009,defense
S,Jairus Byrd,BUF,2009,defense
S,Nick Collins,GNB,2009,defense
WR,Patrick Crayton,DAL,2009,offense
WR,Brandon Marshall,DEN,2009,offense
C,Jeff Saturday,IND,2009,offense
RG,Chris Snee,NYG,2009,offense
QB,Tom Brady,NWE,2010,offense
QB,Matt Ryan,ATL,2010,offense
QB,Michael Vick,PHI,2010,offense
QB,Aaron Rodgers,GNB,2010,offense
RB,Jamaal Charles,KAN,2010,offense
RB,Arian Foster,HOU,2010,offense
RB,Maurice Jones-Drew,JAX,2010,offense
RB,Adrian Peterson,MIN,2010,offense
RB,Michael Turner,ATL,2010,offense
FB,Ovie Mughelli,ATL,2010,offense
FB,Vonta Leach,HOU,2010,offense
FB,Greg Jones,JAX,2010,offense
WR,Roddy White,ATL,2010,offense
WR,Andre Johnson,HOU,2010,offense
WR,Reggie Wayne,IND,2010,offense
WR,Brandon Lloyd,DEN,2010,offense
WR,Calvin Johnson,DET,2010,offense
WR,Dwayne Bowe,KAN,2010,offense
TE,Jason Witten,DAL,2010,offense
TE,Antonio Gates,SDG,2010,offense
TE,Marcedes Lewis,JAX,2010,offense
LT,Andrew Whitworth,CIN,2010,offense
T,Jake Long,MIA,2010,offense
T,Joe Thomas,CLE,2010,offense
T,Jason Peters,PHI,2010,offense
T,Jordan Gross,CAR,2010,offense
T,Sebastian Vollmer,NWE,2010,offense
LG,Wade Smith,HOU,2010,offense
G,Jahri Evans,NOR,2010,offense
G,Chris Snee,NYG,2010,offense
G,Carl Nicks,NOR,2010,offense
G,Logan Mankins,NWE,2010,offense
G,Kris Dielman,SDG,2010,offense
G,Brian Waters,KAN,2010,offense
C,Nick Mangold,NYJ,2010,offense
C,Matt Birk,BAL,2010,offense
C,Scott Wells,GNB,2010,offense
C,Maurkice Pouncey,PIT,2010,offense
RG,Josh Sitton,GNB,2010,offense
RG,Harvey Dahl,ATL,2010,offense
RT,Kareem McKenzie,NYG,2010,offense
RT,Marshal Yanda,BAL,2010,offense
DE,Julius Peppers,CHI,2010,defense
DE,John Abraham,ATL,2010,defense
DE,Justin Tuck,NYG,2010,defense
DE,Trent Cole,PHI,2010,defense
DE,Justin Smith,SFO,2010,defense
DE,Dwight Freeney,IND,2010,defense
DE,Robert Mathis,IND,2010,defense
DE,Osi Umenyiora,NYG,2010,defense
DE,Charles Johnson,CAR,2010,defense
DT,Haloti Ngata,BAL,2010,defense
DT,Ndamukong Suh,DET,2010,defense
DT,Kyle Williams,BUF,2010,defense
DT,Vince Wilfork,NWE,2010,defense
DT,B.J. Raji,GNB,2010,defense
DT,Antonio Garay,SDG,2010,defense
DT,Kevin Williams,MIN,2010,defense
OLB,James Harrison,PIT,2010,defense
OLB,Clay Matthews,GNB,2010,defense
OLB,Cameron Wake,MIA,2010,defense
OLB,Tamba Hali,KAN,2010,defense
OLB,DeMarcus Ware,DAL,2010,defense
ILB,Patrick Willis,SFO,2010,defense
ILB,Lawrence Timmons,PIT,2010,defense
ILB,Ray Lewis,BAL,2010,defense
MLB,Jerod Mayo,NWE,2010,defense
MLB,Brian Urlacher,CHI,2010,defense
CB,Darrelle Revis,NYJ,2010,defense
CB,Asante Samuel,PHI,2010,defense
CB,Nnamdi Asomugha,OAK,2010,defense
CB,Devin McCourty,NWE,2010,defense
CB,Champ Bailey,DEN,2010,defense
CB,Brandon Flowers,KAN,2010,defense
CB,Tramon Williams,GNB,2010,defense
CB,Charles Woodson,GNB,2010,defense
CB,Antoine Winfield,MIN,2010,defense
S,Troy Polamalu,PIT,2010,defense
S,Ed Reed,BAL,2010,defense
S,Michael Huff,OAK,2010,defense
S,Quintin Mikell,PHI,2010,defense
S,Nick Collins,GNB,2010,defense
S,Antrel Rolle,NYG,2010,defense
S,Eric Weddle,SDG,2010,defense
S,Michael Griffin,TEN,2010,defense
S,Chris Harris,CHI,2010,defense
S,Malcolm Jenkins,NOR,2010,defense
S,Darren Sharper,NOR,2010,defense
QB,Aaron Rodgers,GNB,2011,offense
QB,Tom Brady,NWE,2011,offense
QB,Drew Brees,NOR,2011,offense
RB,Maurice Jones-Drew,JAX,2011,offense
RB,LeSean McCoy,PHI,2011,offense
RB,Ray Rice,BAL,2011,offense
RB,Marshawn Lynch,SEA,2011,offense
RB,Arian Foster,HOU,2011,offense
FB,Vonta Leach,BAL,2011,offense
FB,John Kuhn,GNB,2011,offense
FB,Jed Collins,NOR,2011,offense
WR,Wes Welker,NWE,2011,offense
WR,Calvin Johnson,DET,2011,offense
WR,Larry Fitzgerald,ARI,2011,offense
WR,Victor Cruz,NYG,2011,offense
WR,Mike Wallace,PIT,2011,offense
WR,Jordy Nelson,GNB,2011,offense
WR,Steve Smith Sr.,CAR,2011,offense
TE,Rob Gronkowski,NWE,2011,offense
TE,Jimmy Graham,NOR,2011,offense
T,Jason Peters,PHI,2011,offense
T,Joe Thomas,CLE,2011,offense
T,Michael Roos,TEN,2011,offense
T,Duane Brown,HOU,2011,offense
T,Joe Staley,SFO,2011,offense
LG,Evan Mathis,PHI,2011,offense
G,Carl Nicks,NOR,2011,offense
G,Jahri Evans,NOR,2011,offense
G,Marshal Yanda,BAL,2011,offense
G,Brian Waters,NWE,2011,offense
G,Logan Mankins,NWE,2011,offense
C,Maurkice Pouncey,PIT,2011,offense
C,Nick Mangold,NYJ,2011,offense
C,Chris Myers,HOU,2011,offense
C,Ryan Kalil,CAR,2011,offense
RG,Josh Sitton,GNB,2011,offense
RT,Tyron Smith,DAL,2011,offense
RT,Bryan Bulaga,GNB,2011,offense
DE,Jared Allen,MIN,2011,defense
DE,Jason Pierre-Paul,NYG,2011,defense
DE,Jason Babin,PHI,2011,defense
DE,Ray McDonald,SFO,2011,defense
DE,Andre Carter,NWE,2011,defense
DE,Elvis Dumervil,DEN,2011,defense
DE,J.J. Watt,HOU,2011,defense
DE,Trent Cole,PHI,2011,defense
DE,Calais Campbell,ARI,2011,defense
DT,Justin Smith,SFO,2011,defense
DT,Haloti Ngata,BAL,2011,defense
DT,Geno Atkins,CIN,2011,defense
DT,Ndamukong Suh,DET,2011,defense
DT,Brodrick Bunkley,DEN,2011,defense
DT,Vince Wilfork,NWE,2011,defense
DT,Jay Ratliff,DAL,2011,defense
DT,Richard Seymour,OAK,2011,defense
DT,Alan Branch,SEA,2011,defense
NT,Sione Pouha,NYJ,2011,defense
OLB,DeMarcus Ware,DAL,2011,defense
OLB,Terrell Suggs,BAL,2011,defense
OLB,Von Miller,DEN,2011,defense
OLB,Cameron Wake,MIA,2011,defense
OLB,Daryl Smith,JAX,2011,defense
OLB,Clay Matthews,GNB,2011,defense
OLB,Tamba Hali,KAN,2011,defense
OLB,Erin Henderson,MIN,2011,defense
OLB,Sean Weatherspoon,ATL,2011,defense
ILB,NaVorro Bowman,SFO,2011,defense
ILB,Derrick Johnson,KAN,2011,defense
ILB,Ray Lewis,BAL,2011,defense
ILB,Stephen Tulloch,DET,2011,defense
ILB,London Fletcher,WAS,2011,defense
MLB,Patrick Willis,SFO,2011,defense
MLB,Brian Cushing,HOU,2011,defense
CB,Darrelle Revis,NYJ,2011,defense
CB,Johnathan Joseph,HOU,2011,defense
CB,Charles Woodson,GNB,2011,defense
CB,Cortland Finnegan,TEN,2011,defense
CB,Carlos Rogers,SFO,2011,defense
CB,Lardarius Webb,BAL,2011,defense
CB,Chris Gamble,CAR,2011,defense
SS,Adrian Wilson,ARI,2011,defense
FS,Jairus Byrd,BUF,2011,defense
S,Troy Polamalu,PIT,2011,defense
S,Eric Weddle,SDG,2011,defense
S,Earl Thomas,SEA,2011,defense
S,Ed Reed,BAL,2011,defense
S,Dashon Goldson,SFO,2011,defense
QB,Peyton Manning,DEN,2012,offense
QB,Tom Brady,NWE,2012,offense
QB,Aaron Rodgers,GNB,2012,offense
RB,Adrian Peterson,MIN,2012,offense
RB,Marshawn Lynch,SEA,2012,offense
RB,Arian Foster,HOU,2012,offense
RB,Jamaal Charles,KAN,2012,offense
RB,C.J. Spiller,BUF,2012,offense
RB,Alfred Morris,WAS,2012,offense
FB,Vonta Leach,BAL,2012,offense
FB,Marcel Reece,OAK,2012,offense
FB,Jerome Felton,MIN,2012,offense
WR,Calvin Johnson,DET,2012,offense
WR,Brandon Marshall,CHI,2012,offense
WR,Andre Johnson,HOU,2012,offense
WR,Reggie Wayne,IND,2012,offense
WR,A.J. Green,CIN,2012,offense
WR,Vincent Jackson,TAM,2012,offense
TE,Rob Gronkowski,NWE,2012,offense
TE,Jason Witten,DAL,2012,offense
TE,Tony Gonzalez,ATL,2012,offense
T,Ryan Clady,DEN,2012,offense
T,Duane Brown,HOU,2012,offense
T,Joe Thomas,CLE,2012,offense
T,Joe Staley,SFO,2012,offense
T,Russell Okung,SEA,2012,offense
LG,Evan Mathis,PHI,2012,offense
G,Mike Iupati,SFO,2012,offense
G,Marshal Yanda,BAL,2012,offense
G,Jahri Evans,NOR,2012,offense
G,Logan Mankins,NWE,2012,offense
C,John Sullivan,MIN,2012,offense
C,Maurkice Pouncey,PIT,2012,offense
C,Max Unger,SEA,2012,offense
C,Chris Myers,HOU,2012,offense
RG,Alex Boone,SFO,2012,offense
RT,Andre Smith,CIN,2012,offense
RT,Sebastian Vollmer,NWE,2012,offense
DE,J.J. Watt,HOU,2012,defense
DE,Cameron Wake,MIA,2012,defense
DE,Julius Peppers,CHI,2012,defense
DE,Jared Allen,MIN,2012,defense
DT,Geno Atkins,CIN,2012,defense
DT,Vince Wilfork,NWE,2012,defense
DT,Justin Smith,SFO,2012,defense
DT,Gerald McCoy,TAM,2012,defense
DT,Muhammad Wilkerson,NYJ,2012,defense
DT,Ndamukong Suh,DET,2012,defense
DT,Haloti Ngata,BAL,2012,defense
OLB,Von Miller,DEN,2012,defense
OLB,Aldon Smith,SFO,2012,defense
OLB,Jerod Mayo,NWE,2012,defense
OLB,DeMarcus Ware,DAL,2012,defense
OLB,Clay Matthews,GNB,2012,defense
OLB,Kevin Burnett,MIA,2012,defense
OLB,Ahmad Brooks,SFO,2012,defense
OLB,Chad Greenway,MIN,2012,defense
ILB,NaVorro Bowman,SFO,2012,defense
ILB,Daryl Washington,ARI,2012,defense
ILB,London Fletcher,WAS,2012,defense
ILB,Bobby Wagner,SEA,2012,defense
MLB,Patrick Willis,SFO,2012,defense
MLB,Derrick Johnson,KAN,2012,defense
CB,Charles Tillman,CHI,2012,defense
CB,Richard Sherman,SEA,2012,defense
CB,Casey Hayward,GNB,2012,defense
CB,Champ Bailey,DEN,2012,defense
CB,Antonio Cromartie,NYJ,2012,defense
CB,Tim Jennings,CHI,2012,defense
CB,Antoine Winfield,MIN,2012,defense
SS,Reshad Jones,MIA,2012,defense
FS,Devin McCourty,NWE,2012,defense
S,Earl Thomas,SEA,2012,defense
S,Jairus Byrd,BUF,2012,defense
S,Eric Weddle,SDG,2012,defense
S,Dashon Goldson,SFO,2012,defense
QB,Peyton Manning,DEN,2013,offense
QB,Drew Brees,NOR,2013,offense
QB,Philip Rivers,SDG,2013,offense
RB,LeSean McCoy,PHI,2013,offense
RB,Jamaal Charles,KAN,2013,offense
RB,Ryan Mathews,SDG,2013,offense
RB,Matt Forte,CHI,2013,offense
RB,Eddie Lacy,GNB,2013,offense
RB,Adrian Peterson,MIN,2013,offense
FB,Mike Tolbert,CAR,2013,offense
FB,Anthony Sherman,KAN,2013,offense
FB,Marcel Reece,OAK,2013,offense
WR,Calvin Johnson,DET,2013,offense
WR,Josh Gordon,CLE,2013,offense
WR,Antonio Brown,PIT,2013,offense
WR,Brandon Marshall,CHI,2013,offense
WR,Jordy Nelson,GNB,2013,offense
WR,Demaryius Thomas,DEN,2013,offense
WR,Anquan Boldin,SFO,2013,offense
WR,Andre Johnson,HOU,2013,offense
WR,A.J. Green,CIN,2013,offense
TE,Jimmy Graham,NOR,2013,offense
TE,Jordan Cameron,CLE,2013,offense
TE,Vernon Davis,SFO,2013,offense
LT,Trent Williams,WAS,2013,offense
T,Joe Thomas,CLE,2013,offense
T,Joe Staley,SFO,2013,offense
T,Jason Peters,PHI,2013,offense
T,Tyron Smith,DAL,2013,offense
T,Branden Albert,KAN,2013,offense
G,Evan Mathis,PHI,2013,offense
G,Louis Vasquez,DEN,2013,offense
G,Logan Mankins,NWE,2013,offense
G,Marshal Yanda,BAL,2013,offense
G,Josh Sitton,GNB,2013,offense
G,Jahri Evans,NOR,2013,offense
C,Ryan Kalil,CAR,2013,offense
C,Alex Mack,CLE,2013,offense
C,Jason Kelce,PHI,2013,offense
RG,Larry Warford,DET,2013,offense
RT,Phil Loadholt,MIN,2013,offense
RT,Zach Strief,NOR,2013,offense
DE,J.J. Watt,HOU,2013,defense
DE,Robert Quinn,STL,2013,defense
DE,Greg Hardy,CAR,2013,defense
DE,Cameron Wake,MIA,2013,defense
DE,Mario Williams,BUF,2013,defense
DT,Gerald McCoy,TAM,2013,defense
DT,Ndamukong Suh,DET,2013,defense
DT,Kyle Williams,BUF,2013,defense
DT,Jurrell Casey,TEN,2013,defense
DT,Dontari Poe,KAN,2013,defense
DT,Muhammad Wilkerson,NYJ,2013,defense
DT,Justin Smith,SFO,2013,defense
NT,Marcell Dareus,BUF,2013,defense
OLB,Robert Mathis,IND,2013,defense
OLB,Lavonte David,TAM,2013,defense
OLB,Ahmad Brooks,SFO,2013,defense
OLB,Justin Houston,KAN,2013,defense
OLB,Tamba Hali,KAN,2013,defense
ILB,NaVorro Bowman,SFO,2013,defense
ILB,Karlos Dansby,ARI,2013,defense
MLB,Luke Kuechly,CAR,2013,defense
MLB,Vontaze Burfict,CIN,2013,defense
LB,Patrick Willis,SFO,2013,defense
LB,Thomas Davis,CAR,2013,defense
CB,Richard Sherman,SEA,2013,defense
CB,Patrick Peterson,ARI,2013,defense
CB,Joe Haden,CLE,2013,defense
CB,Brent Grimes,MIA,2013,defense
CB,Tyrann Mathieu,ARI,2013,defense
CB,Darrelle Revis,TAM,2013,defense
CB,Chris Harris Jr.,DEN,2013,defense
CB,Aqib Talib,NWE,2013,defense
CB,Alterraun Verner,TEN,2013,defense
S,Eric Berry,KAN,2013,defense
S,Earl Thomas,SEA,2013,defense
S,Devin McCourty,NWE,2013,defense
S,Donte Whitner,SFO,2013,defense
S,Eric Weddle,SDG,2013,defense
S,T.J. Ward,CLE,2013,defense
S,Antrel Rolle,NYG,2013,defense
S,Kam Chancellor,SEA,2013,defense
S,Jairus Byrd,BUF,2013,defense
QB,Aaron Rodgers,GNB,2014,offense
QB,Tom Brady,NWE,2014,offense
QB,Tony Romo,DAL,2014,offense
QB,Ben Roethlisberger,PIT,2014,offense
RB,Le'Veon Bell,PIT,2014,offense
RB,DeMarco Murray,DAL,2014,offense
RB,Marshawn Lynch,SEA,2014,offense
RB,Justin Forsett,BAL,2014,offense
FB,Anthony Sherman,KAN,2014,offense
FB,John Kuhn,GNB,2014,offense
FB,Bruce Miller,SFO,2014,offense
WR,Antonio Brown,PIT,2014,offense
WR,Dez Bryant,DAL,2014,offense
WR,Jordy Nelson,GNB,2014,offense
WR,Odell Beckham Jr.,NYG,2014,offense
WR,Emmanuel Sanders,DEN,2014,offense
WR,Julio Jones,ATL,2014,offense
WR,Demaryius Thomas,DEN,2014,offense
WR,Randall Cobb,GNB,2014,offense
TE,Rob Gronkowski,NWE,2014,offense
TE,Greg Olsen,CAR,2014,offense
T,Tyron Smith,DAL,2014,offense
T,Jason Peters,PHI,2014,offense
T,Joe Thomas,CLE,2014,offense
T,Andrew Whitworth,CIN,2014,offense
LG,Kelechi Osemele,BAL,2014,offense
G,Marshal Yanda,BAL,2014,offense
G,Josh Sitton,GNB,2014,offense
G,Joel Bitonio,CLE,2014,offense
G,Zack Martin,DAL,2014,offense
G,Kyle Long,CHI,2014,offense
C,Travis Frederick,DAL,2014,offense
C,Nick Mangold,NYJ,2014,offense
C,Maurkice Pouncey,PIT,2014,offense
RG,T.J. Lang,GNB,2014,offense
RT,Lane Johnson,PHI,2014,offense
RT,Sebastian Vollmer,NWE,2014,offense
DE,J.J. Watt,HOU,2014,defense
DE,Mario Williams,BUF,2014,defense
DE,Robert Quinn,STL,2014,defense
DE,Calais Campbell,ARI,2014,defense
DE,Fletcher Cox,PHI,2014,defense
DE,Cameron Wake,MIA,2014,defense
DT,Ndamukong Suh,DET,2014,defense
DT,Marcell Dareus,BUF,2014,defense
DT,Gerald McCoy,TAM,2014,defense
DT,Aaron Donald,STL,2014,defense
DT,Sheldon Richardson,NYJ,2014,defense
DT,Kyle Williams,BUF,2014,defense
DT,Muhammad Wilkerson,NYJ,2014,defense
NT,Johnathan Hankins,NYG,2014,defense
OLB,Justin Houston,KAN,2014,defense
OLB,Von Miller,DEN,2014,defense
OLB,Elvis Dumervil,BAL,2014,defense
OLB,DeAndre Levy,DET,2014,defense
OLB,Connor Barwin,PHI,2014,defense
ILB,Bobby Wagner,SEA,2014,defense
ILB,C.J. Mosley,BAL,2014,defense
ILB,Lawrence Timmons,PIT,2014,defense
MLB,Luke Kuechly,CAR,2014,defense
MLB,C.J. Mosley,DET,2014,defense
LB,Dont'a Hightower,NWE,2014,defense
LB,Jamie Collins,NWE,2014,defense
CB,Darrelle Revis,NWE,2014,defense
CB,Richard Sherman,SEA,2014,defense
CB,Chris Harris Jr.,DEN,2014,defense
CB,Vontae Davis,IND,2014,defense
CB,Desmond Trufant,ATL,2014,defense
CB,Brent Grimes,MIA,2014,defense
CB,Orlando Scandrick,DAL,2014,defense
CB,Sean Smith,KAN,2014,defense
S,Eric Weddle,SDG,2014,defense
S,Earl Thomas,SEA,2014,defense
S,Harrison Smith,MIN,2014,defense
S,Glover Quin,DET,2014,defense
S,Devin McCourty,NWE,2014,defense
S,Kam Chancellor,SEA,2014,defense
QB,Cam Newton,CAR,2015,offense
QB,Carson Palmer,ARI,2015,offense
QB,Tom Brady,NWE,2015,offense
RB,Doug Martin,TAM,2015,offense
RB,Adrian Peterson,MIN,2015,offense
RB,Latavius Murray,OAK,2015,offense
RB,Chris Ivory,NYJ,2015,offense
RB,Devonta Freeman,ATL,2015,offense
RB,Todd Gurley,STL,2015,offense
RB,Jonathan Stewart,CAR,2015,offense
FB,Patrick DiMarco,ATL,2015,offense
FB,Mike Tolbert,CAR,2015,offense
WR,Antonio Brown,PIT,2015,offense
WR,Julio Jones,ATL,2015,offense
WR,Larry Fitzgerald,ARI,2015,offense
WR,DeAndre Hopkins,HOU,2015,offense
WR,Odell Beckham Jr.,NYG,2015,offense
WR,Brandon Marshall,NYJ,2015,offense
WR,Doug Baldwin,SEA,2015,offense
WR,A.J. Green,CIN,2015,offense
TE,Rob Gronkowski,NWE,2015,offense
TE,Greg Olsen,CAR,2015,offense
TE,Delanie Walker,TEN,2015,offense
T,Joe Thomas,CLE,2015,offense
T,Tyron Smith,DAL,2015,offense
T,Andrew Whitworth,CIN,2015,offense
T,Trent Williams,WAS,2015,offense
LG,Richie Incognito,BUF,2015,offense
G,Marshal Yanda,BAL,2015,offense
G,Zack Martin,DAL,2015,offense
G,David DeCastro,PIT,2015,offense
G,Josh Sitton,GNB,2015,offense
G,Mike Iupati,ARI,2015,offense
C,Ryan Kalil,CAR,2015,offense
C,Travis Frederick,DAL,2015,offense
C,Rodney Hudson,OAK,2015,offense
C,Alex Mack,CLE,2015,offense
C,Joe Berger,MIN,2015,offense
RT,Ryan Schraeder,ATL,2015,offense
RT,Mitchell Schwartz,CLE,2015,offense
DE,Khalil Mack,OAK,2015,defense
DE,J.J. Watt,HOU,2015,defense
DE,Olivier Vernon,MIA,2015,defense
DE,Ezekiel Ansah,DET,2015,defense
DE,Michael Bennett,SEA,2015,defense
DE,Muhammad Wilkerson,NYJ,2015,defense
DE,Cameron Jordan,NOR,2015,defense
DT,Aaron Donald,STL,2015,defense
DT,Geno Atkins,CIN,2015,defense
DT,Ndamukong Suh,MIA,2015,defense
DT,Kawann Short,CAR,2015,defense
DT,Fletcher Cox,PHI,2015,defense
NT,Linval Joseph,MIN,2015,defense
NT,Damon Harrison,NYJ,2015,defense
OLB,Von Miller,DEN,2015,defense
OLB,Thomas Davis,CAR,2015,defense
OLB,Justin Houston,KAN,2015,defense
OLB,Lavonte David,TAM,2015,defense
OLB,Jamie Collins,NWE,2015,defense
ILB,NaVorro Bowman,SFO,2015,defense
ILB,Bobby Wagner,SEA,2015,defense
MLB,Luke Kuechly,CAR,2015,defense
MLB,Derrick Johnson,KAN,2015,defense
LB,Anthony Barr,MIN,2015,defense
LB,K.J. Wright,SEA,2015,defense
CB,Patrick Peterson,ARI,2015,defense
CB,Josh Norman,CAR,2015,defense
CB,Richard Sherman,SEA,2015,defense
CB,Chris Harris Jr.,DEN,2015,defense
CB,Marcus Peters,KAN,2015,defense
CB,Johnathan Joseph,HOU,2015,defense
S,Tyrann Mathieu,ARI,2015,defense
S,Eric Berry,KAN,2015,defense
S,Earl Thomas,SEA,2015,defense
S,Harrison Smith,MIN,2015,defense
S,Malcolm Jenkins,PHI,2015,defense
S,Reggie Nelson,CIN,2015,defense
S,Charles Woodson,OAK,2015,defense
QB,Matt Ryan,ATL,2016,offense
QB,Tom Brady,NWE,2016,offense
RB,Ezekiel Elliott,DAL,2016,offense
RB,David Johnson,ARI,2016,offense
RB,Le'Veon Bell,PIT,2016,offense
RB,DeMarco Murray,TEN,2016,offense
RB,Jay Ajayi,MIA,2016,offense
FB,Kyle Juszczyk,BAL,2016,offense
FB,James Develin,NWE,2016,offense
WR,Julio Jones,ATL,2016,offense
WR,Antonio Brown,PIT,2016,offense
WR,Mike Evans,TAM,2016,offense
WR,Odell Beckham Jr.,NYG,2016,offense
WR,T.Y. Hilton,IND,2016,offense
TE,Travis Kelce,KAN,2016,offense
TE,Greg Olsen,CAR,2016,offense
LT,David Bakhtiari,GNB,2016,offense
T,Tyron Smith,DAL,2016,offense
T,Trent Williams,WAS,2016,offense
T,Joe Thomas,CLE,2016,offense
T,Donald Penn,OAK,2016,offense
G,Kelechi Osemele,OAK,2016,offense
G,Zack Martin,DAL,2016,offense
G,Marshal Yanda,BAL,2016,offense
G,T.J. Lang,GNB,2016,offense
C,Travis Frederick,DAL,2016,offense
C,Rodney Hudson,OAK,2016,offense
C,Alex Mack,ATL,2016,offense
RG,Kevin Zeitler,CIN,2016,offense
RG,David DeCastro,PIT,2016,offense
RT,Jack Conklin,TEN,2016,offense
RT,Marcus Cannon,NWE,2016,offense
RT,Mitchell Schwartz,KAN,2016,offense
DE,Khalil Mack,OAK,2016,defense
DE,Jadeveon Clowney,HOU,2016,defense
DE,Brandon Graham,PHI,2016,defense
DE,Cliff Avril,SEA,2016,defense
DT,Aaron Donald,LAR,2016,defense
DT,Damon Harrison,NYG,2016,defense
DT,Geno Atkins,CIN,2016,defense
DT,Calais Campbell,ARI,2016,defense
DT,Ndamukong Suh,MIA,2016,defense
DT,Gerald McCoy,TAM,2016,defense
OLB,Von Miller,DEN,2016,defense
OLB,Vic Beasley,ATL,2016,defense
OLB,Lorenzo Alexander,BUF,2016,defense
OLB,Ryan Kerrigan,WAS,2016,defense
MLB,Bobby Wagner,SEA,2016,defense
MLB,Dont'a Hightower,NWE,2016,defense
LB,Luke Kuechly,CAR,2016,defense
LB,Sean Lee,DAL,2016,defense
LB,K.J. Wright,SEA,2016,defense
LB,Paul Posluszny,JAX,2016,defense
LB,Zach Brown,BUF,2016,defense
LB,Zach Orr,BAL,2016,defense
LB,Alec Ogletree,LAR,2016,defense
LB,Lavonte David,TAM,2016,defense
LB,C.J. Mosley,BAL,2016,defense
LB,Whitney Mercilus,HOU,2016,defense
LB,Benardrick McKinney,HOU,2016,defense
CB,Aqib Talib,DEN,2016,defense
CB,Marcus Peters,KAN,2016,defense
CB,Malcolm Butler,NWE,2016,defense
CB,Jackrabbit Jenkins,NYG,2016,defense
CB,Patrick Peterson,ARI,2016,defense
CB,Casey Hayward,SDG,2016,defense
DB,Chris Harris Jr.,DEN,2016,defense
DB,Dominique Rodgers-Cromartie,NYG,2016,defense
S,Landon Collins,NYG,2016,defense
S,Eric Berry,KAN,2016,defense
S,Eric Weddle,BAL,2016,defense
S,Devin McCourty,NWE,2016,defense
S,Ha Ha Clinton-Dix,GNB,2016,defense
S,Kam Chancellor,SEA,2016,defense
EDGE,Cameron Jordan,NOR,2016,defense
EDGE,Cameron Wake,MIA,2016,defense
EDGE,Olivier Vernon,NYG,2016,defense
QB,Tom Brady,NWE,2017,offense
QB,Carson Wentz,PHI,2017,offense
QB,Matt Ryan,ATL,2017,offense
RB,Todd Gurley,LAR,2017,offense
RB,Le'Veon Bell,PIT,2017,offense
RB,Alvin Kamara,NOR,2017,offense
RB,Kareem Hunt,KAN,2017,offense
WR,Antonio Brown,PIT,2017,offense
WR,DeAndre Hopkins,HOU,2017,offense
WR,Julio Jones,ATL,2017,offense
WR,Michael Thomas,NOR,2017,offense
WR,Adam Thielen,MIN,2017,offense
WR,Keenan Allen,LAC,2017,offense
TE,Rob Gronkowski,NWE,2017,offense
TE,Travis Kelce,KAN,2017,offense
TE,Zach Ertz,PHI,2017,offense
TE,Hunter Henry,LAC,2017,offense
LT,David Bakhtiari,GNB,2017,offense
LT,Joe Staley,SFO,2017,offense
OT,Trent Williams,WAS,2017,offense
T,Andrew Whitworth,LAR,2017,offense
T,Lane Johnson,PHI,2017,offense
T,Taylor Lewan,TEN,2017,offense
T,Mitchell Schwartz,KAN,2017,offense
T,Alejandro Villanueva,PIT,2017,offense
LG,Andrew Norwell,CAR,2017,offense
LG,Joel Bitonio,CLE,2017,offense
LG,Rodger Saffold,LAR,2017,offense
G,David DeCastro,PIT,2017,offense
G,Zack Martin,DAL,2017,offense
G,Brandon Brooks,PHI,2017,offense
G,Kelechi Osemele,OAK,2017,offense
C,Jason Kelce,PHI,2017,offense
C,Alex Mack,ATL,2017,offense
C,Maurkice Pouncey,PIT,2017,offense
C,Travis Frederick,DAL,2017,offense
RT,Daryl Williams,CAR,2017,offense
RT,Demar Dotson,TAM,2017,offense
DE,Cameron Jordan,NOR,2017,defense
DE,Calais Campbell,JAX,2017,defense
DE,Everson Griffen,MIN,2017,defense
DE,DeMarcus Lawrence,DAL,2017,defense
DE,Joey Bosa,LAC,2017,defense
DT,Aaron Donald,LAR,2017,defense
DT,Fletcher Cox,PHI,2017,defense
DT,Geno Atkins,CIN,2017,defense
DT,Cameron Heyward,PIT,2017,defense
DT,Malik Jackson,JAX,2017,defense
DT,Ndamukong Suh,MIA,2017,defense
DT,Kawann Short,CAR,2017,defense
OLB,Chandler Jones,ARI,2017,defense
OLB,Von Miller,DEN,2017,defense
OLB,Jadeveon Clowney,HOU,2017,defense
OLB,Ryan Kerrigan,WAS,2017,defense
MLB,Luke Kuechly,CAR,2017,defense
MLB,Ryan Shazier,PIT,2017,defense
LB,Bobby Wagner,SEA,2017,defense
LB,Deion Jones,ATL,2017,defense
LB,Lavonte David,TAM,2017,defense
LB,Telvin Smith,JAX,2017,defense
LB,C.J. Mosley,BAL,2017,defense
CB,Jalen Ramsey,JAX,2017,defense
CB,Xavier Rhodes,MIN,2017,defense
CB,Darius Slay,DET,2017,defense
CB,Casey Hayward,LAC,2017,defense
CB,A.J. Bouye,JAX,2017,defense
CB,Marshon Lattimore,NOR,2017,defense
CB,Tre'Davious White,BUF,2017,defense
DB,Patrick Robinson,PHI,2017,defense
S,Harrison Smith,MIN,2017,defense
S,Kevin Byard,TEN,2017,defense
S,Earl Thomas,SEA,2017,defense
S,Adrian Amos,CHI,2017,defense
S,Eric Weddle,BAL,2017,defense
S,Glover Quin,DET,2017,defense
S,Micah Hyde,BUF,2017,defense
S,Lamarcus Joyner,LAR,2017,defense
QB,Patrick Mahomes,KAN,2018,offense
QB,Drew Brees,NOR,2018,offense
RB,Todd Gurley,LAR,2018,offense
RB,Saquon Barkley,NYG,2018,offense
RB,Ezekiel Elliott,DAL,2018,offense
RB,Phillip Lindsay,DEN,2018,offense
RB,Derrick Henry,TEN,2018,offense
WR,DeAndre Hopkins,HOU,2018,offense
WR,Michael Thomas,NOR,2018,offense
WR,Tyreek Hill,KAN,2018,offense
WR,Julio Jones,ATL,2018,offense
WR,Keenan Allen,LAC,2018,offense
TE,Travis Kelce,KAN,2018,offense
TE,George Kittle,SFO,2018,offense
TE,Zach Ertz,PHI,2018,offense
FLEX,Christian McCaffrey,CAR,2018,offense
FLEX,Alvin Kamara,NOR,2018,offense
LT,Duane Brown,SEA,2018,offense
OT,Tyron Smith,DAL,2018,offense
T,Mitchell Schwartz,KAN,2018,offense
T,David Bakhtiari,GNB,2018,offense
T,Terron Armstead,NOR,2018,offense
T,Taylor Lewan,TEN,2018,offense
LG,Joel Bitonio,CLE,2018,offense
G,Quenton Nelson,IND,2018,offense
G,Zack Martin,DAL,2018,offense
G,Marshal Yanda,BAL,2018,offense
G,Brandon Brooks,PHI,2018,offense
C,Jason Kelce,PHI,2018,offense
C,Maurkice Pouncey,PIT,2018,offense
C,Rodney Hudson,OAK,2018,offense
RG,Shaq Mason,NWE,2018,offense
RT,Ryan Ramczyk,NOR,2018,offense
DE,J.J. Watt,HOU,2018,defense
DE,Danielle Hunter,MIN,2018,defense
DE,Cameron Jordan,NOR,2018,defense
DE,Myles Garrett,CLE,2018,defense
DE,DeMarcus Lawrence,DAL,2018,defense
DE,Trey Flowers,NWE,2018,defense
DT,Fletcher Cox,PHI,2018,defense
DT,Aaron Donald,LAR,2018,defense
DT,Chris Jones,KAN,2018,defense
DT,Geno Atkins,CIN,2018,defense
DT,Akiem Hicks,CHI,2018,defense
OLB,Khalil Mack,CHI,2018,defense
OLB,Von Miller,DEN,2018,defense
OLB,Shaquille Leonard,IND,2018,defense
OLB,Ryan Kerrigan,WAS,2018,defense
MLB,Bobby Wagner,SEA,2018,defense
MLB,C.J. Mosley,BAL,2018,defense
LB,Luke Kuechly,CAR,2018,defense
LB,Leighton Vander Esch,DAL,2018,defense
LB,Zach Brown,WAS,2018,defense
CB,Kyle Fuller,CHI,2018,defense
CB,Stephon Gilmore,NWE,2018,defense
CB,Byron Jones,DAL,2018,defense
CB,Patrick Peterson,ARI,2018,defense
CB,Xavien Howard,MIA,2018,defense
DB,Desmond King,LAC,2018,defense
DB,Kareem Jackson,HOU,2018,defense
S,Eddie Jackson,CHI,2018,defense
S,Derwin James,LAC,2018,defense
S,Jamal Adams,NYJ,2018,defense
S,Harrison Smith,MIN,2018,defense
S,Kevin Byard,TEN,2018,defense
QB,Lamar Jackson,BAL,2019,offense
QB,Russell Wilson,SEA,2019,offense
RB,Christian McCaffrey,CAR,2019,offense
RB,Derrick Henry,TEN,2019,offense
RB,Dalvin Cook,MIN,2019,offense
RB,Nick Chubb,CLE,2019,offense
WR,Michael Thomas,NOR,2019,offense
WR,Julio Jones,ATL,2019,offense
WR,DeAndre Hopkins,HOU,2019,offense
WR,Chris Godwin,TAM,2019,offense
WR,Keenan Allen,LAC,2019,offense
WR,Mike Evans,TAM,2019,offense
TE,George Kittle,SFO,2019,offense
TE,Travis Kelce,KAN,2019,offense
FLEX,Austin Ekeler,LAC,2019,offense
LT,Anthony Castonzo,IND,2019,offense
OT,Laremy Tunsil,HOU,2019,offense
T,Ronnie Stanley,BAL,2019,offense
T,Ryan Ramczyk,NOR,2019,offense
T,David Bakhtiari,GNB,2019,offense
T,Mitchell Schwartz,KAN,2019,offense
LG,Joe Thuney,NWE,2019,offense
LG,Joel Bitonio,CLE,2019,offense
G,Quenton Nelson,IND,2019,offense
G,Zack Martin,DAL,2019,offense
G,Marshal Yanda,BAL,2019,offense
G,Brandon Brooks,PHI,2019,offense
C,Jason Kelce,PHI,2019,offense
C,Rodney Hudson,OAK,2019,offense
C,Ryan Jensen,TAM,2019,offense
DE,Cameron Jordan,NOR,2019,defense
DE,Joey Bosa,LAC,2019,defense
DE,Danielle Hunter,MIN,2019,defense
DE,Za'Darius Smith,GNB,2019,defense
DE,Calais Campbell,JAX,2019,defense
DT,Aaron Donald,LAR,2019,defense
DT,Cameron Heyward,PIT,2019,defense
DT,Grady Jarrett,ATL,2019,defense
DT,Chris Jones,KAN,2019,defense
DT,D.J. Reader,HOU,2019,defense
DT,DeForest Buckner,SFO,2019,defense
OLB,T.J. Watt,PIT,2019,defense
OLB,Chandler Jones,ARI,2019,defense
OLB,Shaquil Barrett,TAM,2019,defense
OLB,Matt Judon,BAL,2019,defense
MLB,Bobby Wagner,SEA,2019,defense
MLB,Shaquille Leonard,IND,2019,defense
LB,Eric Kendricks,MIN,2019,defense
LB,Demario Davis,NOR,2019,defense
LB,Luke Kuechly,CAR,2019,defense
LB,Lavonte David,TAM,2019,defense
CB,Stephon Gilmore,NWE,2019,defense
CB,Tre'Davious White,BUF,2019,defense
CB,Marcus Peters,2TM,2019,defense
CB,Richard Sherman,SFO,2019,defense
CB,Marshon Lattimore,NOR,2019,defense
CB,Quinton Dunbar,WAS,2019,defense
CB,Casey Hayward,LAC,2019,defense
DB,Tyrann Mathieu,KAN,2019,defense
DB,Marlon Humphrey,BAL,2019,defense
DB,Marcus Williams,NOR,2019,defense
S,Jamal Adams,NYJ,2019,defense
S,Minkah Fitzpatrick,2TM,2019,defense
S,Anthony Harris,MIN,2019,defense
S,Justin Simmons,DEN,2019,defense
S,Harrison Smith,MIN,2019,defense
QB,Aaron Rodgers,GNB,2020,offense
QB,Patrick Mahomes,KAN,2020,offense
QB,Josh Allen,BUF,2020,offense
RB,Derrick Henry,TEN,2020,offense
RB,Dalvin Cook,MIN,2020,offense
RB,Alvin Kamara,NOR,2020,offense
RB,Nick Chubb,CLE,2020,offense
WR,Davante Adams,GNB,2020,offense
WR,Stefon Diggs,BUF,2020,offense
WR,Tyreek Hill,KAN,2020,offense
WR,DeAndre Hopkins,ARI,2020,offense
WR,Justin Jefferson,MIN,2020,offense
WR,D.K. Metcalf,SEA,2020,offense
WR,A.J. Brown,TEN,2020,offense
WR,Calvin Ridley,ATL,2020,offense
WR,Cole Beasley,BUF,2020,offense
TE,Travis Kelce,KAN,2020,offense
TE,T.J. Hockenson,DET,2020,offense
TE,Darren Waller,LVR,2020,offense
FLEX,Allen Robinson,CHI,2020,offense
T,Jack Conklin,CLE,2020,offense
T,David Bakhtiari,GNB,2020,offense
T,Trent Williams,SFO,2020,offense
T,Garett Bolles,DEN,2020,offense
G,Quenton Nelson,IND,2020,offense
G,Joel Bitonio,CLE,2020,offense
G,Brandon Scherff,WAS,2020,offense
G,Ali Marpet,TAM,2020,offense
C,Corey Linsley,GNB,2020,offense
C,Jason Kelce,PHI,2020,offense
C,Ryan Kelly,IND,2020,offense
C,Frank Ragnow,DET,2020,offense
RG,Wyatt Teller,CLE,2020,offense
RT,Tristan Wirfs,TAM,2020,offense
RT,Ryan Ramczyk,NOR,2020,offense
DE,Myles Garrett,CLE,2020,defense
DE,Joey Bosa,LAC,2020,defense
DE,Trey Hendrickson,NOR,2020,defense
DE,Cameron Jordan,NOR,2020,defense
DE,Chase Young,WAS,2020,defense
DE,DeMarcus Lawrence,DAL,2020,defense
DT,Aaron Donald,LAR,2020,defense
DT,Chris Jones,KAN,2020,defense
DT,DeForest Buckner,IND,2020,defense
DT,Fletcher Cox,PHI,2020,defense
DT,Cameron Heyward,PIT,2020,defense
OLB,T.J. Watt,PIT,2020,defense
OLB,Khalil Mack,CHI,2020,defense
OLB,Za'Darius Smith,GNB,2020,defense
OLB,Bradley Chubb,DEN,2020,defense
MLB,Fred Warner,SFO,2020,defense
MLB,Shaquille Leonard,IND,2020,defense
LB,Bobby Wagner,SEA,2020,defense
LB,Roquan Smith,CHI,2020,defense
LB,Lavonte David,TAM,2020,defense
LB,Devin White,TAM,2020,defense
LB,Myles Jack,JAX,2020,defense
LB,Eric Kendricks,MIN,2020,defense
LB,Demario Davis,NOR,2020,defense
CB,Xavien Howard,MIA,2020,defense
CB,Jalen Ramsey,LAR,2020,defense
CB,Jaire Alexander,GNB,2020,defense
CB,Tre'Davious White,BUF,2020,defense
CB,James Bradberry,NYG,2020,defense
DB,Bryce Callahan,DEN,2020,defense
DB,Darious Williams,LAR,2020,defense
S,Tyrann Mathieu,KAN,2020,defense
S,Minkah Fitzpatrick,PIT,2020,defense
S,Budda Baker,ARI,2020,defense
S,Jessie Bates III,CIN,2020,defense
S,Adrian Amos,GNB,2020,defense
S,Jamal Adams,SEA,2020,defense
S,Justin Simmons,DEN,2020,defense
S,John Johnson,LAR,2020,defense
QB,Aaron Rodgers,GNB,2021,offense
QB,Tom Brady,TAM,2021,offense
QB,Joe Burrow,CIN,2021,offense
RB,Jonathan Taylor,IND,2021,offense
RB,Nick Chubb,CLE,2021,offense
RB,Joe Mixon,CIN,2021,offense
RB,Antonio Gibson,WAS,2021,offense
RB,Dalvin Cook,MIN,2021,offense
WR,Davante Adams,GNB,2021,offense
WR,Cooper Kupp,LAR,2021,offense
WR,Deebo Samuel,SFO,2021,offense
WR,Ja'Marr Chase,CIN,2021,offense
WR,Tyreek Hill,KAN,2021,offense
WR,Justin Jefferson,MIN,2021,offense
TE,Mark Andrews,BAL,2021,offense
TE,Travis Kelce,KAN,2021,offense
TE,George Kittle,SFO,2021,offense
LT,Jordan Mailata,PHI,2021,offense
T,Tristan Wirfs,TAM,2021,offense
T,Trent Williams,SFO,2021,offense
T,Rashawn Slater,LAC,2021,offense
T,Kolton Miller,LVR,2021,offense
G,Joel Bitonio,CLE,2021,offense
G,Zack Martin,DAL,2021,offense
G,Ali Marpet,TAM,2021,offense
G,Quenton Nelson,IND,2021,offense
C,Jason Kelce,PHI,2021,offense
C,Creed Humphrey,KAN,2021,offense
C,Corey Linsley,LAC,2021,offense
RG,Shaq Mason,NWE,2021,offense
RG,Wyatt Teller,CLE,2021,offense
RT,Lane Johnson,PHI,2021,offense
DL,Jeffery Simmons,TEN,2021,defense
DL,Christian Wilkins,MIA,2021,defense
DE,Myles Garrett,CLE,2021,defense
DE,Nick Bosa,SFO,2021,defense
DE,Maxx Crosby,LVR,2021,defense
DE,Cameron Jordan,NOR,2021,defense
DT,Aaron Donald,LAR,2021,defense
DT,Cameron Heyward,PIT,2021,defense
DT,Chris Jones,KAN,2021,defense
DT,Jonathan Allen,WAS,2021,defense
OLB,Micah Parsons,DAL,2021,defense
OLB,T.J. Watt,PIT,2021,defense
OLB,Robert Quinn,CHI,2021,defense
OLB,Matt Judon,NWE,2021,defense
ILB,De'Vondre Campbell,GNB,2021,defense
MLB,Shaquille Leonard,IND,2021,defense
LB,Demario Davis,NOR,2021,defense
LB,Roquan Smith,CHI,2021,defense
LB,Bobby Wagner,SEA,2021,defense
LB,Lavonte David,TAM,2021,defense
CB,Jalen Ramsey,LAR,2021,defense
CB,Trevon Diggs,DAL,2021,defense
CB,AJ Terrell,ATL,2021,defense
CB,J.C. Jackson,NWE,2021,defense
CB,Xavien Howard,MIA,2021,defense
CB,Chidobe Awuzie,CIN,2021,defense
CB,Darius Slay,PHI,2021,defense
S,Kevin Byard,TEN,2021,defense
S,Jordan Poyer,BUF,2021,defense
S,Derwin James,LAC,2021,defense
S,Antoine Winfield Jr.,TAM,2021,defense
S,Budda Baker,ARI,2021,defense
S,Quandre Diggs,SEA,2021,defense
S,Micah Hyde,BUF,2021,defense
S,Marcus Williams,NOR,2021,defense
S,Justin Simmons,DEN,2021,defense
FLEX-O,Cordarrelle Patterson,ATL,2021,offense
FLEX-D,Jevon Holland,MIA,2021,defense
QB,Patrick Mahomes,KAN,2022,offense
QB,Jalen Hurts,PHI,2022,offense
QB,Joe Burrow,CIN,2022,offense
RB,Josh Jacobs,LVR,2022,offense
RB,Nick Chubb,CLE,2022,offense
RB,Saquon Barkley,NYG,2022,offense
RB,Derrick Henry,TEN,2022,offense
RB,Christian McCaffrey,2TM,2022,offense
FB,Kyle Juszczyk,SFO,2022,offense
WR,Justin Jefferson,MIN,2022,offense
WR,Davante Adams,LVR,2022,offense
WR,Tyreek Hill,MIA,2022,offense
WR,A.J. Brown,PHI,2022,offense
WR,Stefon Diggs,BUF,2022,offense
WR,CeeDee Lamb,DAL,2022,offense
WR,Amon-Ra St. Brown,DET,2022,offense
TE,Travis Kelce,KAN,2022,offense
TE,George Kittle,SFO,2022,offense
LT,Andrew Thomas,NYG,2022,offense
T,Lane Johnson,PHI,2022,offense
T,Trent Williams,SFO,2022,offense
T,Laremy Tunsil,HOU,2022,offense
T,Terron Armstead,MIA,2022,offense
G,Joel Bitonio,CLE,2022,offense
G,Zack Martin,DAL,2022,offense
G,Chris Lindstrom,ATL,2022,offense
G,Joe Thuney,KAN,2022,offense
C,Jason Kelce,PHI,2022,offense
C,Creed Humphrey,KAN,2022,offense
RG,Michael Onwenu,NWE,2022,offense
RT,Tristan Wirfs,TAM,2022,offense
DL,Aaron Donald,LAR,2022,defense
DL,Jeffery Simmons,TEN,2022,defense
DL,Cameron Heyward,PIT,2022,defense
DE,Nick Bosa,SFO,2022,defense
DE,Myles Garrett,CLE,2022,defense
DE,Maxx Crosby,LVR,2022,defense
DE,Brian Burns,CAR,2022,defense
DT,Chris Jones,KAN,2022,defense
DT,Dexter Lawrence,NYG,2022,defense
DT,Quinnen Williams,NYJ,2022,defense
DT,Javon Hargrave,PHI,2022,defense
DT,Daron Payne,WAS,2022,defense
OLB,Micah Parsons,DAL,2022,defense
OLB,Haason Reddick,PHI,2022,defense
OLB,Matt Judon,NWE,2022,defense
OLB,Matt Milano,BUF,2022,defense
OLB,Alex Highsmith,PIT,2022,defense
MLB,Fred Warner,SFO,2022,defense
MLB,Roquan Smith,2TM,2022,defense
LB,Bobby Wagner,LAR,2022,defense
LB,T.J. Edwards,PHI,2022,defense
LB,C.J. Mosley,NYJ,2022,defense
LB,Lavonte David,TAM,2022,defense
LB,Demario Davis,NOR,2022,defense
CB,Patrick Surtain II,DEN,2022,defense
CB,Sauce Gardner,NYJ,2022,defense
CB,Darius Slay,PHI,2022,defense
CB,Jaire Alexander,GNB,2022,defense
CB,James Bradberry,PHI,2022,defense
CB,Patrick Peterson,MIN,2022,defense
DB,Jalen Ramsey,LAR,2022,defense
S,Minkah Fitzpatrick,PIT,2022,defense
S,Derwin James,LAC,2022,defense
S,Talanoa Hufanga,SFO,2022,defense
S,Ryan Neal,SEA,2022,defense
S,C.J. Gardner-Johnson,PHI,2022,defense
S,Justin Simmons,DEN,2022,defense
S,Tyrann Mathieu,NOR,2022,defense
S,Kamren Curl,WAS,2022,defense
QB,Lamar Jackson,BAL,2023,offense
QB,Dak Prescott,DAL,2023,offense
QB,Josh Allen,BUF,2023,offense
RB,Christian McCaffrey,SFO,2023,offense
RB,Kyren Williams,LAR,2023,offense
RB,Raheem Mostert,MIA,2023,offense
RB,Derrick Henry,TEN,2023,offense
FB,Kyle Juszczyk,SFO,2023,offense
FB,Michael Burton,DEN,2023,offense
FB,Patrick Ricard,BAL,2023,offense
FB,Hunter Luepke,DAL,2023,offense
WR,CeeDee Lamb,DAL,2023,offense
WR,Tyreek Hill,MIA,2023,offense
WR,Amon-Ra St. Brown,DET,2023,offense
WR,Brandon Aiyuk,SFO,2023,offense
WR,Nico Collins,HOU,2023,offense
WR,A.J. Brown,PHI,2023,offense
WR,Puka Nacua,LAR,2023,offense
WR,D.J. Moore,CHI,2023,offense
WR,Mike Evans,TAM,2023,offense
TE,George Kittle,SFO,2023,offense
TE,Travis Kelce,KAN,2023,offense
TE,T.J. Hockenson,MIN,2023,offense
TE,Sam LaPorta,DET,2023,offense
LT,Tyron Smith,DAL,2023,offense
LT,Jordan Mailata,PHI,2023,offense
T,Trent Williams,SFO,2023,offense
T,Penei Sewell,DET,2023,offense
T,Dion Dawkins,BUF,2023,offense
T,Laremy Tunsil,HOU,2023,offense
LG,Tyler Smith,DAL,2023,offense
G,Joe Thuney,KAN,2023,offense
G,Zack Martin,DAL,2023,offense
G,Chris Lindstrom,ATL,2023,offense
G,Joel Bitonio,CLE,2023,offense
C,Jason Kelce,PHI,2023,offense
C,Frank Ragnow,DET,2023,offense
C,Creed Humphrey,KAN,2023,offense
RG,Kevin Dotson,LAR,2023,offense
RT,Lane Johnson,PHI,2023,offense
DL,Derrick Brown,CAR,2023,defense
DL,Nnamdi Madubuike,BAL,2023,defense
DE,Myles Garrett,CLE,2023,defense
DE,Maxx Crosby,LVR,2023,defense
DE,Trey Hendrickson,CIN,2023,defense
DE,Nick Bosa,SFO,2023,defense
DE,Aidan Hutchinson,DET,2023,defense
DT,Aaron Donald,LAR,2023,defense
DT,Chris Jones,KAN,2023,defense
DT,Dexter Lawrence,NYG,2023,defense
DT,Quinnen Williams,NYJ,2023,defense
OLB,Micah Parsons,DAL,2023,defense
OLB,T.J. Watt,PIT,2023,defense
OLB,Danielle Hunter,MIN,2023,defense
OLB,Josh Hines-Allen,JAX,2023,defense
MLB,Fred Warner,SFO,2023,defense
MLB,Roquan Smith,BAL,2023,defense
LB,Demario Davis,NOR,2023,defense
LB,Quincy Williams,NYJ,2023,defense
LB,Bobby Wagner,SEA,2023,defense
LB,Patrick Queen,BAL,2023,defense
LB,C.J. Mosley,NYJ,2023,defense
CB,DaRon Bland,DAL,2023,defense
CB,Sauce Gardner,NYJ,2023,defense
CB,Jaylon Johnson,CHI,2023,defense
CB,Patrick Surtain II,DEN,2023,defense
CB,Trent McDuffie,KAN,2023,defense
CB,Devon Witherspoon,SEA,2023,defense
CB,Kendall Fuller,WAS,2023,defense
CB,Charvarius Ward,SFO,2023,defense
CB,Taron Johnson,BUF,2023,defense
S,Jessie Bates III,ATL,2023,defense
S,Kyle Hamilton,BAL,2023,defense
S,Antoine Winfield Jr.,TAM,2023,defense
S,Jevon Holland,MIA,2023,defense
S,Justin Simmons,DEN,2023,defense
QB,Lamar Jackson,BAL,2024,offense
QB,Jared Goff,DET,2024,offense
QB,Josh Allen,BUF,2024,offense
QB,Joe Burrow,CIN,2024,offense
RB,Saquon Barkley,PHI,2024,offense
RB,Derrick Henry,BAL,2024,offense
RB,Jahmyr Gibbs,DET,2024,offense
FB,Kyle Juszczyk,SFO,2024,offense
FB,Patrick Ricard,BAL,2024,offense
WR,Justin Jefferson,MIN,2024,offense
WR,Ja'Marr Chase,CIN,2024,offense
WR,Amon-Ra St. Brown,DET,2024,offense
WR,Brian Thomas,JAX,2024,offense
WR,A.J. Brown,PHI,2024,offense
WR,Nico Collins,HOU,2024,offense
WR,CeeDee Lamb,DAL,2024,offense
WR,Terry McLaurin,WAS,2024,offense
TE,Brock Bowers,LVR,2024,offense
TE,George Kittle,SFO,2024,offense
FLEX,Puka Nacua,LAR,2024,offense
FLEX,Drake London,ATL,2024,offense
LT,Tristan Wirfs,TAM,2024,offense
LT,Jordan Mailata,PHI,2024,offense
T,Penei Sewell,DET,2024,offense
T,Lane Johnson,PHI,2024,offense
T,Rashawn Slater,LAC,2024,offense
T,Dion Dawkins,BUF,2024,offense
LG,Quenton Nelson,IND,2024,offense
G,Joe Thuney,KAN,2024,offense
G,Chris Lindstrom,ATL,2024,offense
G,Quinn Meinerz,DEN,2024,offense
G,Landon Dickerson,PHI,2024,offense
C,Creed Humphrey,KAN,2024,offense
C,Frank Ragnow,DET,2024,offense
RT,Zach Tom,GNB,2024,offense
DL,Zach Allen,DEN,2024,defense
DE,Myles Garrett,CLE,2024,defense
DE,Trey Hendrickson,CIN,2024,defense
DE,Micah Parsons,DAL,2024,defense
DE,Nick Bosa,SFO,2024,defense
DT,Chris Jones,KAN,2024,defense
DT,Cameron Heyward,PIT,2024,defense
DT,Dexter Lawrence,NYG,2024,defense
DT,Jalen Carter,PHI,2024,defense
DT,Leonard Williams,SEA,2024,defense
OLB,T.J. Watt,PIT,2024,defense
OLB,Nik Bonitto,DEN,2024,defense
OLB,Andrew Van Ginkel,MIN,2024,defense
OLB,Jonathan Greenard,MIN,2024,defense
MLB,Fred Warner,SFO,2024,defense
MLB,Roquan Smith,BAL,2024,defense
MLB,Zack Baun,PHI,2024,defense
LB,Bobby Wagner,WAS,2024,defense
LB,Zaire Franklin,IND,2024,defense
LB,Frankie Luvu,WAS,2024,defense
LB,Jack Campbell,DET,2024,defense
CB,Patrick Surtain II,DEN,2024,defense
CB,Derek Stingley Jr.,HOU,2024,defense
CB,Marlon Humphrey,BAL,2024,defense
CB,Trent McDuffie,KAN,2024,defense
CB,Jaylon Johnson,CHI,2024,defense
CB,Byron Murphy,MIN,2024,defense
CB,Garrett Williams,ARI,2024,defense
CB,Christian Gonzalez,NWE,2024,defense
CB,Christian Benford,BUF,2024,defense
DB,Cooper DeJean,PHI,2024,defense
S,Xavier McKinney,GNB,2024,defense
S,Kyle Hamilton,BAL,2024,defense
S,Kerby Joseph,DET,2024,defense
S,Brian Branch,DET,2024,defense
S,Derwin James,LAC,2024,defense
S,Brandon Jones,DEN,2024,defense
S,Budda Baker,ARI,2024,defense
